date,customer,product,category,region,quantity,unit_price,revenue
2025-01-05,C001,Office Chair,Furniture,East,2,18500,37000
2025-01-12,C002,Desk Lamp,Lighting,West,3,4200,12600
2025-01-19,C003,Notebook,Stationery,North,10,350,3500
2025-01-26,C004,Standing Desk,Furniture,South,1,42000,42000
2025-02-03,C005,Office Chair,Furniture,West,1,18500,18500
2025-02-10,C006,Desk Lamp,Lighting,East,4,4200,16800
2025-02-17,C007,Notebook,Stationery,South,15,350,5250
2025-02-24,C008,Standing Desk,Furniture,North,2,42000,84000
2025-03-04,C001,Desk Lamp,Lighting,North,2,4200,8400
2025-03-11,C002,Notebook,Stationery,East,20,350,7000
2025-03-18,C003,Office Chair,Furniture,South,2,18500,37000
2025-03-25,C004,Standing Desk,Furniture,West,1,42000,42000
2025-04-02,C005,Notebook,Stationery,West,12,350,4200
2025-04-09,C006,Office Chair,Furniture,North,3,18500,55500
2025-04-16,C007,Desk Lamp,Lighting,South,5,4200,21000
2025-04-23,C008,Standing Desk,Furniture,East,1,42000,42000
2025-05-01,C001,Office Chair,Furniture,East,1,18500,18500
2025-05-08,C002,Desk Lamp,Lighting,South,2,4200,8400
2025-05-15,C003,Notebook,Stationery,West,25,350,8750
2025-05-22,C004,Standing Desk,Furniture,North,2,42000,84000
2025-06-06,C005,Desk Lamp,Lighting,North,3,4200,12600
2025-06-13,C006,Notebook,Stationery,South,18,350,6300
2025-06-20,C007,Office Chair,Furniture,West,2,18500,37000
2025-06-27,C008,Standing Desk,Furniture,East,1,42000,42000
